achernya = Alexander Chernyakhovsky <achernya@mit.edu>
adehnert = Alex Dehnert <adehnert@mit.edu>
andersk = Anders Kaseorg <andersk@mit.edu>
bbaren = Benjamin Barenblat <bbaren@mit.edu>
geofft = Geoffrey Thomas <geofft@mit.edu>
jdreed = Jonathan Reed <jdreed@mit.edu>
kaduk = Ben Kaduk <kaduk@mit.edu>
vasilvv = Victor Vasiliev <vasilvv@mit.edu>
